function,dimension,algorithm,best_y,total_time,total_sample,first_reach_sample,timeout_reached
ackley,10,basinhopping,19.079864501953125,1.6120641231536865,11517,5159,False
ackley,10,basinhopping,19.80489730834961,1.954477310180664,11363,5929,False
ackley,10,basinhopping,19.835838317871094,1.707413911819458,11440,4224,False
ackley,10,basinhopping,20.304733276367188,1.7253096103668213,11407,1243,False
ackley,10,basinhopping,20.540027618408203,1.6020514965057373,11671,8294,False
ackley,10,differential_evolution,9.5367431640625e-07,34.48125648498535,28811,23468,False
ackley,10,differential_evolution,9.5367431640625e-07,28.75437092781067,28661,24270,False
ackley,10,differential_evolution,9.5367431640625e-07,11.6080904006958,31961,26085,False
ackley,10,differential_evolution,9.5367431640625e-07,35.901609659194946,31061,27164,False
ackley,10,differential_evolution,9.5367431640625e-07,38.496362924575806,32111,27478,False
ackley,10,direct,3.867398262023926,0.14368343353271484,839,715,False
ackley,10,direct,3.867398262023926,0.17905831336975098,839,715,False
ackley,10,direct,3.867398262023926,0.18778133392333984,839,715,False
ackley,10,direct,3.867398262023926,0.2594897747039795,839,715,False
ackley,10,direct,3.867398262023926,0.2607443332672119,839,715,False
ackley,10,dual_annealing,0.00038051605224609375,29.255022764205933,21607,21047,False
ackley,10,dual_annealing,0.00046443939208984375,20.677443265914917,21475,21363,False
ackley,10,dual_annealing,0.0006093978881835938,20.749449253082275,21607,21527,False
ackley,10,dual_annealing,0.0006189346313476562,19.474356412887573,21376,21055,False
ackley,10,dual_annealing,0.0006608963012695312,28.28668975830078,21090,20955,False
ackley,10,gurobi,2.021709219484489,0.010471820831298828,1,0,
ackley,10,gurobi,2.021709219484489,0.010480165481567383,1,0,
ackley,10,gurobi,2.021709219484489,0.010684013366699219,1,0,
ackley,10,gurobi,2.021709219484489,0.010684013366699219,1,0,
ackley,10,gurobi,2.021709219484489,0.01096796989440918,1,0,
ackley,10,shgo,inf,233.77967071533203,0,0,False
ackley,10,shgo,inf,341.7009596824646,0,0,False
ackley,10,shgo,inf,347.16475009918213,0,0,False
ackley,10,shgo,inf,353.31133937835693,0,0,False
ackley,10,shgo,inf,361.2042591571808,0,0,False
ackley,10,simulated_annealing,0.00027561187744140625,3.7195000648498535,20001,19897,False
ackley,10,simulated_annealing,0.00035190582275390625,4.044227361679077,20001,19757,False
ackley,10,simulated_annealing,0.00040912628173828125,3.807905912399292,20001,19813,False
ackley,10,simulated_annealing,0.00047397613525390625,3.4707908630371094,20001,19653,False
ackley,10,simulated_annealing,0.0005197525024414062,3.741575002670288,20001,19818,False
ackley,50,basinhopping,20.49383544921875,5.582276344299316,53856,13260,False
ackley,50,basinhopping,20.798606872558594,5.943726301193237,52887,5559,False
ackley,50,basinhopping,20.842681884765625,5.933349132537842,51969,10914,False
ackley,50,basinhopping,20.96784210205078,6.1895387172698975,53142,21777,False
ackley,50,basinhopping,21.076061248779297,7.029609441757202,53499,12036,False
ackley,50,differential_evolution,19.843658447265625,0.3892390727996826,1551,1301,False
ackley,50,differential_evolution,20.04779815673828,0.848839521408081,1551,1377,False
ackley,50,differential_evolution,20.265567779541016,0.6940093040466309,1551,1030,False
ackley,50,differential_evolution,20.33181381225586,0.5060718059539795,1551,1229,False
ackley,50,differential_evolution,20.439186096191406,0.4860978126525879,1551,921,False
ackley,50,direct,4.552538871765137,0.14069342613220215,299,0,False
ackley,50,direct,4.552538871765137,0.19634079933166504,299,0,False
ackley,50,direct,4.552538871765137,0.2120513916015625,299,0,False
ackley,50,direct,4.552538871765137,0.21619963645935059,299,0,False
ackley,50,direct,4.552538871765137,0.2214200496673584,299,0,False
ackley,50,dual_annealing,0.0009164810180664062,107.39332747459412,123155,123083,False
ackley,50,dual_annealing,0.0009717941284179688,141.5067777633667,122951,122386,False
ackley,50,dual_annealing,0.0011968612670898438,102.70441484451294,125756,125492,False
ackley,50,dual_annealing,0.0012216567993164062,101.41834020614624,127388,124906,False
ackley,50,dual_annealing,0.0012884140014648438,104.17176175117493,122747,122088,False
ackley,50,gurobi,2.021709219484489,0.04667997360229492,1,0,
ackley,50,gurobi,2.021709219484489,0.047985076904296875,1,0,
ackley,50,gurobi,2.021709219484489,0.04806017875671387,1,0,
ackley,50,gurobi,2.021709219484489,0.04812192916870117,1,0,
ackley,50,gurobi,2.021709219484489,0.0484309196472168,1,0,
ackley,50,shgo,inf,600.1824989318848,0,0,True
ackley,50,shgo,inf,600.1827154159546,0,0,True
ackley,50,shgo,inf,600.182822227478,0,0,True
ackley,50,shgo,inf,600.1841676235199,0,0,True
ackley,50,shgo,inf,600.2068774700165,0,0,True
ackley,50,simulated_annealing,0.0009412765502929688,17.715271949768066,100001,99853,False
ackley,50,simulated_annealing,0.0010766983032226562,17.69384479522705,100001,98056,False
ackley,50,simulated_annealing,0.0010843276977539062,17.078349828720093,100001,99763,False
ackley,50,simulated_annealing,0.0012063980102539062,17.713351726531982,100001,99988,False
ackley,50,simulated_annealing,0.0012407302856445312,17.980087995529175,100001,96575,False
ackley,100,basinhopping,20.817394256591797,11.793073177337646,105040,18988,False
ackley,100,basinhopping,20.942832946777344,12.672341108322144,104838,2323,False
ackley,100,basinhopping,20.94854736328125,12.427295207977295,107161,13332,False
ackley,100,basinhopping,21.088397979736328,11.525200128555298,110316,7878,False
ackley,100,basinhopping,21.104328155517578,11.681504249572754,104838,29189,False
ackley,100,differential_evolution,20.576522827148438,1.6533408164978027,5121,3505,False
ackley,100,differential_evolution,20.64194107055664,1.0180995464324951,3101,1777,False
ackley,100,differential_evolution,20.67028045654297,1.5625240802764893,3101,1585,False
ackley,100,differential_evolution,20.689220428466797,0.9718277454376221,3101,2134,False
ackley,100,differential_evolution,20.74972152709961,1.0754594802856445,3101,2640,False
ackley,100,direct,4.552538871765137,0.16614627838134766,599,0,False
ackley,100,direct,4.552538871765137,0.16944169998168945,599,0,False
ackley,100,direct,4.552538871765137,0.18168401718139648,599,0,False
ackley,100,direct,4.552538871765137,0.2287461757659912,599,0,False
ackley,100,direct,4.552538871765137,0.2566089630126953,599,0,False
ackley,100,dual_annealing,0.0018434524536132812,312.0454878807068,271408,271299,False
ackley,100,dual_annealing,0.0020494461059570312,298.32745695114136,265853,265452,False
ackley,100,dual_annealing,0.0021505355834960938,252.75263285636902,267873,267075,False
ackley,100,dual_annealing,0.0022630691528320312,289.08964443206787,260601,258490,False
ackley,100,dual_annealing,0.0022706985473632812,289.0416440963745,267267,266749,False
ackley,100,gurobi,2.021709219484489,0.15311193466186523,1,0,
ackley,100,gurobi,2.021709219484489,0.15452218055725098,1,0,
ackley,100,gurobi,2.021709219484489,0.15636587142944336,1,0,
ackley,100,gurobi,2.021709219484489,0.15746688842773438,1,0,
ackley,100,gurobi,2.021709219484489,0.15866708755493164,1,0,
ackley,100,shgo,inf,600.1797580718994,0,0,True
ackley,100,shgo,inf,600.1846694946289,0,0,True
ackley,100,shgo,inf,600.1851680278778,0,0,True
ackley,100,shgo,inf,600.1879994869232,0,0,True
ackley,100,shgo,inf,600.1932151317596,0,0,True
ackley,100,simulated_annealing,0.0019731521606445312,36.046183824539185,200001,197968,False
ackley,100,simulated_annealing,0.0019941329956054688,35.33432078361511,200001,194966,False
ackley,100,simulated_annealing,0.0020818710327148438,37.75586700439453,200001,199964,False
ackley,100,simulated_annealing,0.0022993087768554688,38.35219407081604,200001,191345,False
ackley,100,simulated_annealing,0.0023241043090820312,38.63801431655884,200001,194912,False
ackley,200,basinhopping,21.084148406982422,23.87421202659607,217082,22112,False
ackley,200,basinhopping,21.088333129882812,24.324646472930908,235419,10050,False
ackley,200,basinhopping,21.102821350097656,26.15979766845703,225546,55890,False
ackley,200,basinhopping,21.126110076904297,23.93728232383728,206427,201,False
ackley,200,basinhopping,21.271564483642578,25.16550087928772,217908,12663,False
ackley,200,differential_evolution,20.444629669189453,2.1848645210266113,6201,5560,False
ackley,200,differential_evolution,20.59386444091797,2.224013328552246,6201,5855,False
ackley,200,differential_evolution,20.60509490966797,2.762566089630127,6201,3241,False
ackley,200,differential_evolution,20.726150512695312,2.3246350288391113,6201,4100,False
ackley,200,differential_evolution,20.797325134277344,2.086777448654175,6201,5197,False
ackley,200,direct,4.552538871765137,0.22265028953552246,1199,0,False
ackley,200,direct,4.552538871765137,0.22952556610107422,1199,0,False
ackley,200,direct,4.552538871765137,0.23477721214294434,1199,0,False
ackley,200,direct,4.552538871765137,0.36164021492004395,1199,0,False
ackley,200,direct,4.552538871765137,0.36350274085998535,1199,0,False
ackley,200,dual_annealing,0.004012107849121094,801.1276791095734,554972,547858,False
ackley,200,dual_annealing,0.004038810729980469,802.1502459049225,556379,550150,False
ackley,200,dual_annealing,0.004099845886230469,790.6568069458008,553967,550504,False
ackley,200,dual_annealing,0.004145622253417969,802.5559077262878,557384,553910,False
ackley,200,dual_annealing,0.004250526428222656,676.6088123321533,542510,531474,False
ackley,200,gurobi,2.0217092194844923,0.5605189800262451,1,0,
ackley,200,gurobi,2.0217092194844923,0.5630841255187988,1,0,
ackley,200,gurobi,2.0217092194844923,0.5707907676696777,1,0,
ackley,200,gurobi,2.0217092194844923,0.5807399749755859,1,0,
ackley,200,gurobi,2.0217092194844923,0.5815689563751221,1,0,
ackley,200,shgo,inf,600.1722168922424,0,0,True
ackley,200,shgo,inf,600.1723990440369,0,0,True
ackley,200,shgo,inf,600.1735274791718,0,0,True
ackley,200,shgo,inf,600.1740891933441,0,0,True
ackley,200,shgo,inf,600.1755599975586,0,0,True
ackley,200,simulated_annealing,0.0035982131958007812,79.33466053009033,400001,396704,False
ackley,200,simulated_annealing,0.0036993026733398438,84.454674243927,400001,399193,False
ackley,200,simulated_annealing,0.004113197326660156,75.90083193778992,400001,391469,False
ackley,200,simulated_annealing,0.004218101501464844,78.60980701446533,400001,399052,False
ackley,200,simulated_annealing,0.004620552062988281,85.3252866268158,400001,375025,False
biggsbi1,1001,differential_evolution,49.839088439941406,4156.352528810501,257259,256257,True
biggsbi1,1001,differential_evolution,55.04335403442383,3657.7612130641937,226227,200854,True
biggsbi1,1001,differential_evolution,56.5799446105957,4078.7393987178802,271272,202321,True
biggsbi1,1001,differential_evolution,57.680362701416016,4113.417395830154,273276,272274,True
biggsbi1,1001,differential_evolution,61.70566177368164,3850.5321159362793,271272,228888,True
biggsbi1,1001,direct,1.6591999530792236,6.7473320960998535,8001,4001,False
biggsbi1,1001,direct,1.6591999530792236,9.285433530807495,8001,4001,False
biggsbi1,1001,direct,1.6591999530792236,9.315335750579834,8001,4001,False
biggsbi1,1001,direct,1.6591999530792236,10.269088745117188,8001,4001,False
biggsbi1,1001,direct,1.6591999530792236,10.330697774887085,8001,4001,False
biggsbi1,1001,dual_annealing,5.397039890289307,3616.9548761844635,396589,395587,True
biggsbi1,1001,dual_annealing,5.516618251800537,3603.4833614826202,376587,376586,True
biggsbi1,1001,dual_annealing,11.755084037780762,3635.717251777649,315497,315496,True
harkerp,101,basinhopping,-49.99731931940187,3636.991757631302,592207,365635,True
harkerp,101,basinhopping,-49.99231090093963,3836.3156530857086,570369,339164,True
harkerp,101,basinhopping,-49.98974622716196,3606.0058958530426,8500950,6463513,True
harkerp,101,basinhopping,-49.987252057297155,3608.384814977646,8495062,8295344,True
harkerp,101,basinhopping,-49.966749153798446,3678.085231781006,261666,240585,True
harkerp,101,differential_evolution,-0.8919053623333546,1990.4360332489014,1531611,1531595,False
harkerp,101,differential_evolution,-0.8276867673487851,779.8521480560303,1531611,1531608,False
harkerp,101,differential_evolution,-0.7859808220665762,779.9176597595215,1531611,1531520,False
harkerp,101,differential_evolution,-0.7704592142226675,3794.0693697929382,434751,434667,True
harkerp,101,differential_evolution,-0.6673852802096144,3727.851572751999,533226,533225,True
harkerp,101,direct,5266895.776111099,35.615103006362915,86725,86592,False
harkerp,101,direct,5266895.776111099,35.670193910598755,86725,86592,False
harkerp,101,direct,5266895.776111099,36.08090400695801,86725,86592,False
harkerp,101,direct,5266895.776111099,85.86769342422485,86725,86592,False
harkerp,101,direct,5266895.776111099,2439.368201971054,86725,86592,False
harkerp,101,dual_annealing,-0.8653090801393617,99.57153987884521,217199,15367,False
harkerp,101,dual_annealing,-0.7410843409802279,1217.041324853897,217097,15214,False
harkerp,101,dual_annealing,-0.7224104320174154,99.4080638885498,217097,15200,False
harkerp,101,dual_annealing,-0.5615546275926342,135.1149673461914,217097,15298,False
harkerp,101,dual_annealing,-0.5251550281226479,155.00302982330322,217097,15249,False
harkerp,101,shgo,inf,3600.117266893387,0,0,True
harkerp,101,shgo,inf,3600.118168115616,0,0,True
harkerp,101,shgo,inf,3600.1188745498657,0,0,True
harkerp,101,shgo,inf,3600.1297483444214,0,0,True
harkerp,101,shgo,inf,3602.8348953723907,0,0,True
levy,10,basinhopping,6.419000148773193,11.434151887893677,23400,23257,False
levy,10,basinhopping,13.348733901977539,9.451439380645752,19153,18812,False
levy,10,basinhopping,23.923154830932617,10.700512886047363,24425,18469,False
levy,10,basinhopping,24.474464416503906,12.740034341812134,25170,22209,False
levy,10,basinhopping,33.90901565551758,9.722578287124634,21182,18498,False
levy,10,differential_evolution,7.667633617879782e-15,21.861389636993408,30011,30004,False
levy,10,differential_evolution,7.668323102698847e-15,22.870455741882324,31211,31210,False
levy,10,differential_evolution,7.67685187744475e-15,24.390038013458252,33011,32887,False
levy,10,differential_evolution,7.683767054426135e-15,21.194794178009033,33461,33430,False
levy,10,differential_evolution,7.692545703891478e-15,22.169009923934937,31511,31461,False
levy,10,direct,0.07744227349758148,4.276957273483276,10257,8772,False
levy,10,direct,0.07744227349758148,4.282700061798096,10257,8772,False
levy,10,direct,0.07744227349758148,4.282969951629639,10257,8772,False
levy,10,direct,0.07744227349758148,4.503031253814697,10257,8772,False
levy,10,direct,0.07744227349758148,5.467106580734253,10257,8772,False
levy,10,dual_annealing,2.186423785077718e-12,43.6981725692749,21046,4716,False
levy,10,dual_annealing,4.060617814216627e-11,33.333330154418945,21354,3285,False
levy,10,dual_annealing,5.6794974973017887e-11,34.914406299591064,21431,4223,False
levy,10,dual_annealing,3.076858212658351e-10,44.97808575630188,22993,4772,False
levy,10,dual_annealing,9.089359265246344e-10,30.128716230392456,20815,3833,False
levy,10,shgo,inf,290.85226941108704,0,0,False
levy,10,shgo,inf,338.0812909603119,0,0,False
levy,10,shgo,inf,343.6626889705658,0,0,False
levy,10,shgo,inf,360.7376413345337,0,0,False
levy,10,shgo,inf,369.78662276268005,0,0,False
levy,10,simulated_annealing,3.280965756857768e-05,11.459330320358276,20001,17098,False
levy,10,simulated_annealing,3.941192335332744e-05,13.76506519317627,20001,19696,False
levy,10,simulated_annealing,4.33836285083089e-05,10.508044481277466,20001,19095,False
levy,10,simulated_annealing,4.975309275323525e-05,10.23092770576477,20001,17580,False
levy,10,simulated_annealing,5.1575188990682364e-05,11.50860857963562,20001,18497,False
levy,50,basinhopping,88.88473510742188,50.74970746040344,116904,107496,False
levy,50,basinhopping,105.08604431152344,49.48434782028198,105768,105258,False
levy,50,basinhopping,109.70216369628906,50.20143699645996,119763,110520,False
levy,50,basinhopping,128.35446166992188,45.95036816596985,90060,84795,False
levy,50,basinhopping,142.9447784423828,47.254838705062866,107217,82281,False
levy,50,differential_evolution,7.859549260870978e-15,474.337717294693,717801,717791,False
levy,50,differential_evolution,5.953669225374283e-14,484.3745803833008,750801,750769,False
levy,50,differential_evolution,0.09198269993066788,174.83642148971558,281301,278135,False
levy,50,differential_evolution,0.12535466253757477,160.58631443977356,263403,263352,False
levy,50,differential_evolution,0.469341903924942,152.2682204246521,245301,243135,False
levy,50,direct,13.775866508483887,0.24332356452941895,299,199,False
levy,50,direct,13.775866508483887,0.2438976764678955,299,199,False
levy,50,direct,13.775866508483887,0.26033949851989746,299,199,False
levy,50,direct,13.775866508483887,0.37987399101257324,299,199,False
levy,50,direct,13.775866508483887,0.4005849361419678,299,199,False
levy,50,dual_annealing,2.2385451131645695e-11,159.2581431865692,118157,98327,False
levy,50,dual_annealing,2.346539074160603e-10,196.1526894569397,112904,39066,False
levy,50,dual_annealing,5.315187179277814e-10,179.99926924705505,121931,76582,False
levy,50,dual_annealing,7.657683931405757e-10,177.23224711418152,117494,42390,False
levy,50,dual_annealing,3.2070610611611983e-09,164.66810703277588,115301,39000,False
levy,50,shgo,inf,600.1666650772095,0,0,True
levy,50,shgo,inf,600.1689064502716,0,0,True
levy,50,shgo,inf,600.1697540283203,0,0,True
levy,50,shgo,inf,600.171228647232,0,0,True
levy,50,shgo,inf,600.1737489700317,0,0,True
levy,50,simulated_annealing,0.00036619266029447317,56.111342430114746,100001,92683,False
levy,50,simulated_annealing,0.00039159617153927684,50.365164041519165,100001,92871,False
levy,50,simulated_annealing,0.00039564407779835165,50.91766309738159,100001,97867,False
levy,50,simulated_annealing,0.0004041702195536345,53.67580246925354,100001,95989,False
levy,50,simulated_annealing,0.000415777787566185,48.999716997146606,100001,99471,False
levy,100,basinhopping,209.8738250732422,112.05269145965576,231809,221394,False
levy,100,basinhopping,222.45301818847656,99.4272358417511,191705,185645,False
levy,100,basinhopping,238.61788940429688,100.30474281311035,195454,187766,False
levy,100,basinhopping,280.4336242675781,104.61664605140686,217318,216611,False
levy,100,basinhopping,293.3189697265625,105.25939416885376,222731,222630,False
levy,100,differential_evolution,2.26334810256958,1378.377670288086,886803,886702,False
levy,100,differential_evolution,2.8564062118530273,464.43167209625244,721601,721221,False
levy,100,differential_evolution,2.958712577819824,1086.6202855110168,747707,747606,False
levy,100,differential_evolution,3.5207931995391846,541.6464593410492,797207,797005,False
levy,100,differential_evolution,4.238808631896973,487.7044017314911,740409,740106,False
levy,100,direct,27.411880493164062,0.36197853088378906,599,399,False
levy,100,direct,27.411880493164062,0.36556482315063477,599,399,False
levy,100,direct,27.411880493164062,0.3875918388366699,599,399,False
levy,100,direct,27.411880493164062,0.39153599739074707,599,399,False
levy,100,direct,27.411880493164062,0.5854794979095459,599,399,False
levy,100,dual_annealing,5.779855066778694e-11,403.97424125671387,253531,140511,False
levy,100,dual_annealing,9.029264835813677e-11,398.273051738739,250198,123797,False
levy,100,dual_annealing,1.035546648431307e-10,418.2446451187134,265550,146468,False
levy,100,dual_annealing,2.5067969922076827e-09,316.1746737957001,249794,130513,False
levy,100,dual_annealing,0.0004961314843967557,416.7055342197418,264136,153236,False
levy,100,gurobi,-8.870063509968012e-07,7.783837080001831,1,0,
levy,100,gurobi,-8.870063509968012e-07,7.818819999694824,1,0,
levy,100,gurobi,-8.870063509968012e-07,7.895462989807129,1,0,
levy,100,gurobi,-8.870063509968012e-07,7.916747093200684,1,0,
levy,100,gurobi,-8.870063509968012e-07,8.117372035980225,1,0,
levy,100,shgo,inf,600.1769850254059,0,0,True
levy,100,shgo,inf,600.177304983139,0,0,True
levy,100,shgo,inf,600.1794836521149,0,0,True
levy,100,shgo,inf,600.1802225112915,0,0,True
levy,100,shgo,inf,600.1829316616058,0,0,True
levy,100,simulated_annealing,0.0007643626886419952,107.87620878219604,200001,192390,False
levy,100,simulated_annealing,0.0008128848276101053,112.77902102470398,200001,197551,False
levy,100,simulated_annealing,0.000870593125000596,105.65358567237854,200001,198968,False
levy,100,simulated_annealing,0.0009145475924015045,113.88384056091309,200001,199961,False
levy,100,simulated_annealing,0.001014466630294919,106.16296076774597,200001,196553,False
levy,200,basinhopping,583.3246459960938,213.91986989974976,422043,421842,False
levy,200,basinhopping,655.5451049804688,158.82569646835327,328719,325905,False
levy,200,basinhopping,659.6383666992188,190.01260542869568,392508,391905,False
levy,200,basinhopping,661.0394897460938,199.85300660133362,400937,400736,False
levy,200,basinhopping,745.038818359375,176.87381076812744,347211,347010,False
levy,200,differential_evolution,16.176368713378906,1745.7907485961914,2397201,2395955,False
levy,200,differential_evolution,21.426015853881836,1228.3978695869446,1677201,1663350,False
levy,200,differential_evolution,22.939533233642578,2857.3913946151733,1708407,1708005,False
levy,200,differential_evolution,26.40784454345703,1298.8658785820007,1813221,1810407,False
levy,200,differential_evolution,31.015865325927734,1457.8960490226746,1974201,1969956,False
levy,200,direct,54.68391036987305,0.6158578395843506,1199,799,False
levy,200,direct,54.68391036987305,0.6991844177246094,1199,799,False
levy,200,direct,54.68391036987305,0.7834315299987793,1199,799,False
levy,200,direct,54.68391036987305,0.8299858570098877,1199,799,False
levy,200,direct,54.68391036987305,1.0082135200500488,1199,799,False
levy,200,dual_annealing,3.886011235021414e-10,890.836963891983,573866,516238,False
levy,200,dual_annealing,1.0327618760186397e-09,880.3538608551025,564821,399850,False
levy,200,dual_annealing,0.0005030460306443274,893.3722381591797,575072,352694,False
levy,200,dual_annealing,0.0007213206263259053,877.3793315887451,560198,418397,False
levy,200,dual_annealing,0.0011930338805541396,857.2894463539124,544520,360310,False
levy,200,gurobi,-0.000163713388551661,23.678268909454346,1,0,
levy,200,gurobi,-0.000163713388551661,23.73397994041443,1,0,
levy,200,gurobi,-0.000163713388551661,23.755292892456055,1,0,
levy,200,gurobi,-0.000163713388551661,23.85766100883484,1,0,
levy,200,gurobi,-0.000163713388551661,24.009706020355225,1,0,
levy,200,shgo,inf,600.1361110210419,0,0,True
levy,200,shgo,inf,600.1681571006775,0,0,True
levy,200,shgo,inf,600.1699604988098,0,0,True
levy,200,shgo,inf,600.1758589744568,0,0,True
levy,200,shgo,inf,600.1794726848602,0,0,True
levy,200,simulated_annealing,0.0015620434423908591,230.43149042129517,400001,397985,False
levy,200,simulated_annealing,0.001704743248410523,246.75187849998474,400001,394782,False
levy,200,simulated_annealing,0.0018040956929326057,241.92638444900513,400001,399999,False
levy,200,simulated_annealing,0.0018163406057283282,244.59502840042114,400001,381946,False
levy,200,simulated_annealing,0.0018878390546888113,240.41690254211426,400001,395097,False
michalewicz,10,basinhopping,-3.833463668823242,8.46357250213623,24297,21546,False
michalewicz,10,basinhopping,-3.5523879528045654,8.260493278503418,28847,7596,False
michalewicz,10,basinhopping,-3.38969349861145,11.230322360992432,25982,16463,False
michalewicz,10,basinhopping,-3.3825292587280273,2.9663145542144775,28235,21160,False
michalewicz,10,basinhopping,-3.1046085357666016,12.261840581893921,26035,4797,False
michalewicz,10,differential_evolution,-9.585487365722656,3.3710830211639404,19211,19197,False
michalewicz,10,differential_evolution,-9.54973030090332,9.145821809768677,40211,39747,False
michalewicz,10,differential_evolution,-9.414070129394531,4.136682033538818,21911,21871,False
michalewicz,10,differential_evolution,-9.385286331176758,4.356168746948242,24161,23835,False
michalewicz,10,differential_evolution,-9.312386512756348,12.779406070709229,28288,28277,False
michalewicz,10,direct,-8.199028968811035,0.5406010150909424,6587,6373,False
michalewicz,10,direct,-8.199028968811035,0.5658590793609619,6587,6373,False
michalewicz,10,direct,-8.199028968811035,0.5758686065673828,6587,6373,False
michalewicz,10,direct,-8.199028968811035,0.5975351333618164,6587,6373,False
michalewicz,10,direct,-8.199028968811035,0.9873924255371094,6587,6373,False
michalewicz,10,dual_annealing,-9.660104751586914,18.94353723526001,20980,17383,False
michalewicz,10,dual_annealing,-9.660080909729004,19.50058341026306,21574,21080,False
michalewicz,10,dual_annealing,-9.660055160522461,16.60197687149048,21222,20047,False
michalewicz,10,dual_annealing,-9.660042762756348,18.91291117668152,21398,21345,False
michalewicz,10,dual_annealing,-9.655105590820312,24.209381818771362,22454,22353,False
michalewicz,10,gurobi,-9.714386416433353,0.40548205375671387,1,0,
michalewicz,10,gurobi,-9.714386416433353,0.4062459468841553,1,0,
michalewicz,10,gurobi,-9.714386416433353,0.46493101119995117,1,0,
michalewicz,10,gurobi,-9.714386416433353,0.4721670150756836,1,0,
michalewicz,10,gurobi,-9.714386416433353,0.48824000358581543,1,0,
michalewicz,10,shgo,inf,213.15694403648376,0,0,False
michalewicz,10,shgo,inf,238.90996050834656,0,0,False
michalewicz,10,shgo,inf,259.8310983181,0,0,False
michalewicz,10,shgo,inf,267.7156734466553,0,0,False
michalewicz,10,shgo,inf,270.3885853290558,0,0,False
michalewicz,10,simulated_annealing,-9.66012191772461,2.9193806648254395,20001,19333,False
michalewicz,10,simulated_annealing,-9.660043716430664,3.1281826496124268,20001,19958,False
michalewicz,10,simulated_annealing,-9.660037994384766,3.194765329360962,20001,19774,False
michalewicz,10,simulated_annealing,-9.660036087036133,2.920696973800659,20001,17592,False
michalewicz,10,simulated_annealing,-9.65997314453125,9.058364629745483,20001,18953,False
michalewicz,50,basinhopping,-10.078545570373535,166.23651504516602,533528,14417,False
michalewicz,50,basinhopping,-9.0968017578125,219.4502170085907,556244,521726,False
michalewicz,50,basinhopping,-8.860116004943848,79.49863028526306,623576,227745,False
michalewicz,50,basinhopping,-8.680301666259766,71.40631818771362,592496,24245,False
michalewicz,50,basinhopping,-7.500476360321045,64.22569370269775,473619,257780,False
michalewicz,50,differential_evolution,-22.133197784423828,399.653058052063,751260,751209,False
michalewicz,50,differential_evolution,-20.140663146972656,168.87402749061584,751158,751107,False
michalewicz,50,differential_evolution,-19.954870223999023,159.63587260246277,752841,752790,False
michalewicz,50,differential_evolution,-19.50596809387207,167.58944058418274,751158,751107,False
michalewicz,50,differential_evolution,-19.21847915649414,165.05996680259705,751413,751362,False
michalewicz,50,direct,-13.082693099975586,2.2565762996673584,30229,25609,False
michalewicz,50,direct,-13.082693099975586,2.2801413536071777,30229,25609,False
michalewicz,50,direct,-13.082693099975586,2.296931505203247,30229,25609,False
michalewicz,50,direct,-13.082693099975586,2.3901236057281494,30229,25609,False
michalewicz,50,direct,-13.082693099975586,2.4790384769439697,30229,25609,False
michalewicz,50,dual_annealing,-49.56044006347656,85.02102303504944,127439,127376,False
michalewicz,50,dual_annealing,-49.554054260253906,76.60566926002502,130142,129642,False
michalewicz,50,dual_annealing,-49.54047393798828,90.88311958312988,124532,124464,False
michalewicz,50,dual_annealing,-49.529945373535156,97.732736825943,125093,124193,False
michalewicz,50,dual_annealing,-49.52553176879883,94.1937210559845,130499,129606,False
michalewicz,50,gurobi,-49.85208419858109,4.864500999450684,1,0,
michalewicz,50,gurobi,-49.85208419858109,4.865312099456787,1,0,
michalewicz,50,gurobi,-49.85208419858109,4.867042064666748,1,0,
michalewicz,50,gurobi,-49.85208419858109,4.966436147689819,1,0,
michalewicz,50,gurobi,-49.85208419858109,5.193545818328857,1,0,
michalewicz,50,shgo,inf,600.166942358017,0,0,True
michalewicz,50,shgo,inf,600.191264629364,0,0,True
michalewicz,50,shgo,inf,600.1916155815125,0,0,True
michalewicz,50,shgo,inf,600.1924340724945,0,0,True
michalewicz,50,shgo,inf,600.1925857067108,0,0,True
michalewicz,50,simulated_annealing,-49.541072845458984,14.806581974029541,100001,99152,False
michalewicz,50,simulated_annealing,-49.52931594848633,19.856969833374023,100001,99980,False
michalewicz,50,simulated_annealing,-49.527992248535156,14.623480081558228,100001,97688,False
michalewicz,50,simulated_annealing,-49.50182342529297,22.863593339920044,100001,99994,False
michalewicz,50,simulated_annealing,-49.50147247314453,14.538187742233276,100001,99992,False
michalewicz,100,basinhopping,-15.400550842285156,501.9332752227783,2802395,1700,False
michalewicz,100,basinhopping,-15.02886962890625,563.9818780422211,3288411,528,False
michalewicz,100,basinhopping,-14.880086898803711,580.9438366889954,2790366,118257,False
michalewicz,100,basinhopping,-14.529447555541992,527.8785967826843,3157676,136854,False
michalewicz,100,basinhopping,-13.633747100830078,418.4755029678345,2831750,188569,False
michalewicz,100,differential_evolution,-31.386707305908203,431.15928840637207,1502712,1502611,False
michalewicz,100,differential_evolution,-31.134809494018555,370.37274956703186,1505540,1502197,False
michalewicz,100,differential_evolution,-31.09940528869629,1101.6551678180695,1505843,1505742,False
michalewicz,100,differential_evolution,-29.778236389160156,483.1262140274048,1502510,1502409,False
michalewicz,100,differential_evolution,-29.617717742919922,1129.590298652649,1502712,1502611,False
michalewicz,100,direct,-26.149818420410156,30.632853984832764,105463,103813,False
michalewicz,100,direct,-26.149818420410156,35.13595533370972,105463,103813,False
michalewicz,100,direct,-26.149818420410156,37.881288290023804,105463,103813,False
michalewicz,100,direct,-26.149818420410156,38.75785803794861,105463,103813,False
michalewicz,100,direct,-26.149818420410156,39.69890904426575,105463,103813,False
michalewicz,100,dual_annealing,-99.43711853027344,257.4786512851715,297062,296914,False
michalewicz,100,dual_annealing,-99.43453216552734,236.36711931228638,289285,287526,False
michalewicz,100,dual_annealing,-99.43175506591797,174.85727047920227,301304,300973,False
michalewicz,100,dual_annealing,-99.42951202392578,242.49790215492249,303122,303020,False
michalewicz,100,dual_annealing,-99.38194274902344,234.26148915290833,301708,300603,False
michalewicz,100,gurobi,-100.54147783848003,12.306809902191162,1,0,
michalewicz,100,gurobi,-100.54147783848003,12.344491004943848,1,0,
michalewicz,100,gurobi,-100.54147783848003,12.53159499168396,1,0,
michalewicz,100,gurobi,-100.54147783848003,12.71655821800232,1,0,
michalewicz,100,gurobi,-100.54147783848003,12.829501867294312,1,0,
michalewicz,100,shgo,inf,600.1922888755798,0,0,True
michalewicz,100,shgo,inf,600.1955397129059,0,0,True
michalewicz,100,shgo,inf,600.1958260536194,0,0,True
michalewicz,100,shgo,inf,600.1964735984802,0,0,True
michalewicz,100,shgo,inf,600.2204015254974,0,0,True
michalewicz,100,simulated_annealing,-99.47767639160156,34.980337381362915,200001,199903,False
michalewicz,100,simulated_annealing,-99.42706298828125,33.675344467163086,200001,199907,False
michalewicz,100,simulated_annealing,-99.40269470214844,37.785274267196655,200001,199920,False
michalewicz,100,simulated_annealing,-99.40078735351562,39.2839298248291,200001,199942,False
michalewicz,100,simulated_annealing,-99.38030242919922,32.63568639755249,200001,199200,False
michalewicz,200,basinhopping,-29.99988555908203,6493.180060386658,3764566,1709620,True
michalewicz,200,basinhopping,-27.6014347076416,6010.424139261246,2997530,905263,True
michalewicz,200,basinhopping,-27.17376708984375,6753.828717708588,3008965,517242,True
michalewicz,200,basinhopping,-27.057079315185547,7904.502557516098,3769184,2946138,True
michalewicz,200,basinhopping,-24.679109573364258,6726.325541257858,3000377,2171335,True
michalewicz,200,differential_evolution,-51.284584045410156,1545.9918694496155,3016467,3016266,False
michalewicz,200,differential_evolution,-50.26557922363281,2201.6553378105164,3006618,3006417,False
michalewicz,200,differential_evolution,-47.865516662597656,1723.9927315711975,3004809,3004608,False
michalewicz,200,differential_evolution,-47.31037521362305,1320.3705089092255,3015864,3010369,False
michalewicz,200,differential_evolution,-45.52488708496094,2253.629135131836,3009633,3005354,False
michalewicz,200,direct,-51.147743225097656,21.818379163742065,208669,205917,False
michalewicz,200,direct,-51.147743225097656,23.13929533958435,208669,205917,False
michalewicz,200,direct,-51.147743225097656,33.01429557800293,208669,205917,False
michalewicz,200,direct,-51.147743225097656,34.696765661239624,208669,205917,False
michalewicz,200,direct,-51.147743225097656,37.518696308135986,208669,205917,False
michalewicz,200,dual_annealing,-199.19102478027344,471.9263815879822,768032,767693,False
michalewicz,200,dual_annealing,-199.18980407714844,471.60070300102234,773660,773384,False
michalewicz,200,dual_annealing,-199.17425537109375,623.3715558052063,756776,756427,False
michalewicz,200,dual_annealing,-199.11758422851562,468.09874868392944,752555,752257,False
michalewicz,200,dual_annealing,-199.0357666015625,481.70266485214233,785921,784767,False
michalewicz,200,gurobi,-202.46349824889242,25.935549020767212,1,0,
michalewicz,200,gurobi,-202.46349824889242,26.00385880470276,1,0,
michalewicz,200,gurobi,-202.46349824889242,26.28941011428833,1,0,
michalewicz,200,gurobi,-202.46349824889242,26.29296112060547,1,0,
michalewicz,200,gurobi,-202.46349824889242,26.728748083114624,1,0,
michalewicz,200,shgo,inf,600.1635653972626,0,0,True
michalewicz,200,shgo,inf,600.1861755847931,0,0,True
michalewicz,200,shgo,inf,600.1891851425171,0,0,True
michalewicz,200,shgo,inf,600.189831495285,0,0,True
michalewicz,200,shgo,inf,600.1928839683533,0,0,True
michalewicz,200,simulated_annealing,-199.1563720703125,135.05364894866943,400001,399599,False
michalewicz,200,simulated_annealing,-199.13247680664062,80.13894963264465,400001,399955,False
michalewicz,200,simulated_annealing,-199.10665893554688,134.00152254104614,400001,399957,False
michalewicz,200,simulated_annealing,-199.10548400878906,152.51449728012085,400001,399066,False
michalewicz,200,simulated_annealing,-199.05654907226562,84.5470860004425,400001,399842,False
nn-ackley,50,basinhopping,20.96617889404297,83.51318979263306,51663,44217,False
nn-ackley,50,basinhopping,21.117717742919922,108.23922967910767,56595,17544,False
nn-ackley,50,basinhopping,21.20364761352539,86.13708925247192,53091,13974,False
nn-ackley,50,basinhopping,21.21697235107422,85.17039108276367,51051,2448,False
nn-ackley,50,basinhopping,21.246219635009766,88.5689389705658,54339,11016,False
nn-ackley,50,differential_evolution,20.993541717529297,2.5698795318603516,1551,1072,False
nn-ackley,50,differential_evolution,21.004039764404297,2.895054578781128,1551,1399,False
nn-ackley,50,differential_evolution,21.027023315429688,3.396306276321411,1551,1457,False
nn-ackley,50,differential_evolution,21.03710174560547,3.1788408756256104,1551,1189,False
nn-ackley,50,differential_evolution,21.038249969482422,4.058889150619507,1551,166,False
nn-ackley,50,direct,20.810274124145508,53.82227563858032,36421,36401,False
nn-ackley,50,direct,20.810274124145508,54.852530002593994,36421,36401,False
nn-ackley,50,direct,20.810274124145508,57.69680881500244,36421,36401,False
nn-ackley,50,direct,20.810274124145508,57.807289123535156,36421,36401,False
nn-ackley,50,direct,20.810274124145508,58.368842124938965,36421,36401,False
nn-ackley,50,dual_annealing,20.702877044677734,197.59134125709534,110150,109683,False
nn-ackley,50,dual_annealing,20.702909469604492,201.12755227088928,111833,110643,False
nn-ackley,50,dual_annealing,20.70322608947754,194.65959000587463,110303,110247,False
nn-ackley,50,dual_annealing,20.70441436767578,196.4239673614502,109181,107619,False
nn-ackley,50,dual_annealing,20.70511245727539,198.3786120414734,109844,106647,False
nn-ackley,100,basinhopping,21.197662353515625,177.75251126289368,105254,55663,False
nn-ackley,100,basinhopping,21.21140480041504,161.6104826927185,101101,23634,False
nn-ackley,100,basinhopping,21.23321533203125,167.06844639778137,101101,21210,False
nn-ackley,100,basinhopping,21.260482788085938,171.94851875305176,101101,40198,False
nn-ackley,100,basinhopping,21.281057357788086,159.69517707824707,101101,13534,False
nn-ackley,100,differential_evolution,21.13175392150879,6.638501167297363,3101,1752,False
nn-ackley,100,differential_evolution,21.14307403564453,5.551450729370117,3101,2100,False
nn-ackley,100,differential_evolution,21.14675521850586,5.589667558670044,3101,2312,False
nn-ackley,100,differential_evolution,21.148557662963867,7.528273582458496,3101,1968,False
nn-ackley,100,differential_evolution,21.156301498413086,6.479701280593872,3101,485,False
nn-ackley,100,direct,21.054893493652344,114.85894441604614,76255,72091,False
nn-ackley,100,direct,21.054893493652344,119.71121668815613,76255,72091,False
nn-ackley,100,direct,21.054893493652344,122.3565182685852,76255,72091,False
nn-ackley,100,direct,21.054893493652344,123.8211920261383,76255,72091,False
nn-ackley,100,direct,21.054893493652344,136.40810894966125,76255,72091,False
nn-ackley,100,dual_annealing,20.98318862915039,393.23775601387024,223029,221080,False
nn-ackley,100,dual_annealing,20.983945846557617,391.97497272491455,223231,223102,False
nn-ackley,100,dual_annealing,20.984384536743164,367.91243624687195,222019,216060,False
nn-ackley,100,dual_annealing,20.98465919494629,423.70713901519775,217474,212946,False
nn-ackley,100,dual_annealing,20.986141204833984,391.71968030929565,219898,219752,False
nn-michalewicz,50,basinhopping,-95.53825378417969,171.4340546131134,100890,100686,False
nn-michalewicz,50,basinhopping,-81.04476165771484,177.81005907058716,111444,111393,False
nn-michalewicz,50,basinhopping,-76.88343811035156,151.05857276916504,92325,92274,False
nn-michalewicz,50,basinhopping,-72.8095474243164,200.56444787979126,123730,120607,False
nn-michalewicz,50,basinhopping,-67.82994842529297,249.7760045528412,145947,145080,False
nn-michalewicz,50,differential_evolution,-9.056315422058105,385.32494735717773,204801,186914,False
nn-michalewicz,50,differential_evolution,-7.777055263519287,165.91853761672974,84051,78309,False
nn-michalewicz,50,differential_evolution,-7.759873867034912,118.93990898132324,60801,58046,False
nn-michalewicz,50,differential_evolution,-7.74661111831665,115.4387993812561,60801,59032,False
nn-michalewicz,50,differential_evolution,-6.899202823638916,30.014917612075806,16551,13976,False
nn-michalewicz,50,direct,-6.645740032196045,1.869633436203003,1147,771,False
nn-michalewicz,50,direct,-6.645740032196045,1.9871423244476318,1147,771,False
nn-michalewicz,50,direct,-6.645740032196045,2.114839553833008,1147,771,False
nn-michalewicz,50,direct,-6.645740032196045,2.367487907409668,1147,771,False
nn-michalewicz,50,direct,-6.645740032196045,2.7002692222595215,1147,771,False
nn-michalewicz,50,dual_annealing,-8.354681968688965,256.49773597717285,145289,145121,False
nn-michalewicz,50,dual_annealing,-8.333873748779297,216.73512983322144,145544,145259,False
nn-michalewicz,50,dual_annealing,-7.109344005584717,204.53464937210083,117749,115760,False
nn-michalewicz,50,dual_annealing,-7.106549263000488,238.99988102912903,122594,120540,False
nn-michalewicz,50,dual_annealing,-7.103039264678955,219.89406538009644,123002,120713,False
nn-michalewicz,100,basinhopping,-130.04348754882812,386.21711683273315,217413,217312,False
nn-michalewicz,100,basinhopping,-127.5440902709961,395.1542212963104,236145,236044,False
nn-michalewicz,100,basinhopping,-112.48096466064453,457.6688702106476,277487,277386,False
nn-michalewicz,100,basinhopping,-95.7686996459961,495.2273008823395,287864,287662,False
nn-michalewicz,100,basinhopping,-92.00297546386719,321.4423952102661,252355,252153,False
nn-michalewicz,100,differential_evolution,-15.107195854187012,577.0653188228607,292601,231887,False
nn-michalewicz,100,differential_evolution,-12.364346504211426,36.62500262260437,18101,15410,False
nn-michalewicz,100,differential_evolution,-12.263301849365234,45.70643138885498,21101,13898,False
nn-michalewicz,100,differential_evolution,-12.260269165039062,41.243820667266846,21101,13163,False
nn-michalewicz,100,differential_evolution,-12.245163917541504,42.032270669937134,21101,15454,False
nn-michalewicz,100,direct,-12.415302276611328,5.214434862136841,3497,2391,False
nn-michalewicz,100,direct,-12.415302276611328,5.3633644580841064,3497,2391,False
nn-michalewicz,100,direct,-12.415302276611328,5.48494291305542,3497,2391,False
nn-michalewicz,100,direct,-12.415302276611328,6.07789945602417,3497,2391,False
nn-michalewicz,100,direct,-12.415302276611328,6.6102306842803955,3497,2391,False
nn-michalewicz,100,dual_annealing,-17.60904884338379,478.3683066368103,277973,277656,False
nn-michalewicz,100,dual_annealing,-17.5771484375,392.1870746612549,307061,306869,False
nn-michalewicz,100,dual_annealing,-12.714666366577148,427.8028287887573,246057,240723,False
nn-michalewicz,100,dual_annealing,-12.68016242980957,448.31067538261414,251915,251189,False
nn-michalewicz,100,dual_annealing,-12.663196563720703,431.7885320186615,239795,232206,False
watson,32,basinhopping,5.0515348006302505e-09,3617.150820016861,1694451,389201,True
watson,32,basinhopping,8.438621305085087e-09,3617.247036218643,1782043,8054,True
watson,32,basinhopping,2.0946834630514503e-08,3618.2832596302032,1686729,1519451,True
watson,32,basinhopping,3.9035417748721356e-08,3602.72527551651,1607982,1215998,True
watson,32,basinhopping,9.442822132736607e-08,3603.0180945396423,1539968,357887,True
watson,32,differential_evolution,0.00040985505013684735,227.13659930229187,491238,491207,False
watson,32,differential_evolution,0.00047905681030213496,220.80127787590027,495495,495494,False
watson,32,differential_evolution,0.0007597710691319466,293.55378913879395,491898,491871,False
watson,32,differential_evolution,0.0013675873660104441,231.27214646339417,487674,487643,False
watson,32,differential_evolution,0.0018739686520060357,168.8136692047119,495495,495464,False
watson,32,direct,264.6848125392224,1.3788771629333496,3085,1849,False
watson,32,direct,264.6848125392224,1.485945224761963,3085,1849,False
watson,32,direct,264.6848125392224,1.5150783061981201,3085,1849,False
watson,32,direct,264.6848125392224,1.578418254852295,3085,1849,False
watson,32,direct,264.6848125392224,1.5824260711669922,3085,1849,False
watson,32,dual_annealing,0.006675857426828961,35.83035111427307,71525,7558,False
watson,32,dual_annealing,0.054347458731134876,23.355160236358643,71723,7757,False
watson,32,dual_annealing,0.11166364506150184,37.428875207901,71756,7789,False
watson,32,dual_annealing,0.14801526863811268,35.577699184417725,71624,7687,False
watson,32,dual_annealing,0.38681582453978147,35.03967332839966,71492,7536,False
watson,32,shgo,inf,3601.6699023246765,0,0,True
watson,32,shgo,inf,3601.8540029525757,0,0,True
watson,32,shgo,inf,3601.9687526226044,0,0,True
watson,32,shgo,inf,3601.9749109745026,0,0,True
watson,32,shgo,inf,3602.0638868808746,0,0,True
